{
  "images" : [
    {
      "filename" : "portrait-african-american-woman-profile-avatar-young-black-girl_102172-418.jpeg",
      "idiom" : "universal",
      "scale" : "1x"
    },
    {
      "filename" : "portrait-african-american-woman-profile-avatar-young-black-girl_102172-419.jpeg",
      "idiom" : "universal",
      "scale" : "2x"
    },
    {
      "filename" : "portrait-african-american-woman-profile-avatar-young-black-girl_102172-420.jpeg",
      "idiom" : "universal",
      "scale" : "3x"
    }
  ],
  "info" : {
    "author" : "xcode",
    "version" : 1
  }
}
